행정구역,2022년01월_남자 인구수,2022년02월_남자 인구수,2022년03월_남자 인구수,2022년04월_남자 인구수,2022년05월_남자 인구수,2022년06월_남자 인구수,2022년07월_남자 인구수,2022년08월_남자 인구수,2022년09월_남자 인구수,2022년10월_남자 인구수,2022년11월_남자 인구수,2022년12월_남자 인구수,2023년01월_남자 인구수,2023년02월_남자 인구수,2023년03월_남자 인구수,2023년04월_남자 인구수,2023년05월_남자 인구수,2023년06월_남자 인구수,2023년07월_남자 인구수,2023년08월_남자 인구수,2023년09월_남자 인구수,2023년10월_남자 인구수,2023년11월_남자 인구수,2023년12월_남자 인구수,2024년01월_남자 인구수,2024년02월_남자 인구수,2024년03월_남자 인구수,2024년04월_남자 인구수,2024년05월_남자 인구수,2024년06월_남자 인구수,2024년07월_남자 인구수,2024년08월_남자 인구수,2024년09월_남자 인구수,2024년10월_남자 인구수,2024년11월_남자 인구수,2024년12월_남자 인구수,2025년01월_남자 인구수,2025년02월_남자 인구수,2025년03월_남자 인구수,2025년04월_남자 인구수,2025년05월_남자 인구수,2025년06월_남자 인구수,2025년07월_남자 인구수,2025년08월_남자 인구수,2025년09월_남자 인구수,2025년10월_남자 인구수,2025년11월_남자 인구수,2025년12월_남자 인구수,2026년01월_남자 인구수,2026년02월_남자 인구수
서울특별시  (1100000000),"4,615,631","4,615,823","4,613,910","4,610,082","4,607,440","4,605,655","4,604,405","4,601,295","4,582,361","4,578,459","4,574,781","4,570,048","4,567,739","4,567,957","4,566,299","4,563,512","4,560,702","4,557,609","4,555,784","4,554,020","4,552,501","4,548,150","4,543,055","4,540,031","4,538,354","4,538,306","4,536,128","4,532,115","4,528,234","4,524,862","4,521,316","4,518,536","4,515,791","4,511,734","4,507,664","4,505,355","4,504,432","4,505,412","4,504,618","4,501,804","4,499,145","4,497,354","4,495,747","4,494,474","4,491,997","4,489,067","4,484,604","4,481,099","4,480,849","4,482,300"
부산광역시  (2600000000),"1,638,207","1,637,111","1,634,958","1,633,170","1,631,825","1,630,944","1,629,643","1,627,821","1,623,784","1,622,749","1,621,486","1,619,915","1,618,749","1,618,202","1,616,930","1,615,593","1,614,226","1,613,071","1,611,959","1,610,738","1,609,650","1,608,156","1,606,680","1,605,431","1,603,859","1,602,971","1,601,773","1,600,234","1,599,048","1,597,869","1,596,494","1,594,978","1,593,783","1,592,440","1,591,231","1,589,912","1,588,357","1,587,357","1,585,597","1,584,035","1,582,928","1,582,043","1,581,251","1,580,238","1,579,327","1,578,085","1,576,765","1,575,600","1,574,469","1,574,040"
대구광역시  (2700000000),"1,174,667","1,173,039","1,172,632","1,171,451","1,170,309","1,169,571","1,168,845","1,167,564","1,165,326","1,164,728","1,164,024","1,162,865","1,162,217","1,160,942","1,159,876","1,159,042","1,158,397","1,157,923","1,169,503","1,169,083","1,168,679","1,168,087","1,167,480","1,166,803","1,166,110","1,165,024","1,163,911","1,163,001","1,162,463","1,162,046","1,161,549","1,161,164","1,160,812","1,160,429","1,160,074","1,159,601","1,159,235","1,158,607","1,157,424","1,156,613","1,155,934","1,155,353","1,155,185","1,154,753","1,154,611","1,154,160","1,153,392","1,152,579","1,152,176","1,151,654"
인천광역시  (2800000000),"1,476,663","1,477,432","1,478,272","1,478,514","1,479,428","1,480,432","1,482,177","1,483,370","1,481,896","1,483,026","1,484,103","1,485,175","1,486,300","1,487,333","1,488,490","1,489,277","1,490,065","1,490,345","1,491,638","1,493,440","1,494,725","1,495,744","1,497,231","1,499,016","1,500,414","1,501,543","1,502,956","1,504,078","1,504,618","1,505,177","1,505,953","1,506,680","1,507,439","1,507,849","1,508,189","1,509,243","1,510,615","1,512,651","1,514,643","1,515,919","1,517,498","1,518,758","1,519,326","1,520,100","1,521,985","1,523,210","1,523,769","1,524,286","1,524,774","1,525,266"
광주광역시  (2900000000),"713,037","712,199","711,289","710,524","710,062","709,685","709,305","709,090","708,248","708,119","707,815","707,299","706,724","706,167","705,471","704,974","704,489","703,887","703,548","703,131","702,748","702,121","701,645","700,896","700,377","699,715","699,084","698,628","698,255","697,904","697,557","697,079","696,711","696,227","695,854","695,224","694,532","693,552","692,193","691,334","690,826","690,429","690,124","689,731","689,326","688,690","687,996","686,799","686,113","685,321"
대전광역시  (3000000000),"724,026","723,812","723,361","723,063","722,840","722,517","722,366","722,486","721,604","721,745","721,609","721,245","721,037","721,195","721,051","720,934","720,874","720,783","720,637","720,688","720,520","720,207","719,805","719,292","719,008","718,931","718,943","718,797","718,696","718,295","717,887","717,878","718,109","717,893","717,664","717,291","717,162","717,573","717,532","717,423","717,511","717,456","718,010","718,458","718,760","718,579","718,512","717,936","717,710","718,084"
울산광역시  (3100000000),"575,939","575,165","574,444","573,984","573,619","573,152","572,615","571,867","571,248","570,960","570,756","570,368","570,113","569,576","569,131","568,824","568,518","568,302","567,947","567,403","567,314","567,309","567,145","567,153","567,081","566,604","566,352","566,255","566,063","565,890","565,679","565,290","565,067","565,011","564,865","564,888","564,893","563,999","563,688","563,471","563,339","563,241","563,050","563,014","562,946","563,285","563,204","562,926","562,579","561,965"
세종특별자치시  (3600000000),"186,907","187,858","188,356","188,778","189,302","189,723","190,038","190,276","190,541","190,683","190,987","191,389","191,769","192,110","192,212","192,316","192,393","192,435","192,449","192,271","192,246","192,299","192,396","192,524","192,704","192,836","192,907","193,099","193,044","193,149","193,538","193,826","193,854","194,110","194,407","194,413","194,470","194,967","194,941","195,101","195,189","195,248","195,253","195,152","195,235","195,359","195,364","195,107","194,897","194,784"
경기도  (4100000000),"6,830,317","6,831,902","6,832,830","6,833,859","6,835,968","6,838,396","6,840,138","6,840,757","6,832,856","6,835,151","6,836,309","6,839,276","6,842,226","6,844,167","6,845,505","6,847,848","6,850,133","6,852,980","6,854,747","6,855,409","6,855,626","6,855,616","6,855,041","6,855,895","6,857,867","6,859,811","6,860,823","6,863,252","6,866,117","6,868,886","6,872,643","6,875,411","6,877,300","6,879,539","6,880,565","6,882,186","6,884,215","6,883,368","6,883,349","6,884,608","6,886,034","6,888,166","6,889,738","6,891,841","6,891,911","6,893,167","6,892,986","6,894,990","6,897,544","6,899,712"
강원도  (4200000000),"774,315","774,543","774,522","774,562","774,458","774,405","774,387","774,193","773,576","773,491","773,182","772,947","772,297","771,758","771,574","771,382","771,322",0,0,0,0,0,0,0,0,0,0,0,0,0,0,0,0,0,0,0,0,0,0,0,0,0,0,0,0,0,0,0,0,0
충청북도  (4300000000),"810,548","810,649","811,004","811,063","811,009","811,127","811,286","811,289","810,741","810,747","810,731","810,782","810,740","810,305","810,811","810,806","810,783","810,748","810,943","810,927","810,835","810,820","810,734","810,448","809,830","809,319","809,472","809,485","809,694","809,921","809,799","809,546","809,577","809,530","809,697","809,920","809,763","809,548","809,881","810,131","810,348","810,526","810,991","811,165","811,457","811,762","811,977","813,665","813,869","813,918"
충청남도  (4400000000),"1,083,242","1,083,507","1,083,753","1,083,970","1,084,296","1,084,712","1,085,037","1,085,209","1,084,756","1,085,425","1,086,076","1,086,632","1,086,686","1,087,162","1,087,705","1,088,126","1,088,548","1,088,924","1,089,245","1,089,549","1,089,884","1,090,461","1,091,095","1,091,570","1,092,059","1,092,711","1,093,684","1,094,336","1,094,837","1,094,922","1,095,237","1,095,246","1,095,392","1,095,772","1,096,190","1,096,128","1,095,933","1,095,862","1,095,977","1,096,057","1,096,206","1,096,214","1,096,544","1,096,586","1,096,785","1,096,883","1,096,998","1,097,059","1,096,950","1,097,210"
전라북도  (4500000000),"888,291","887,611","886,928","886,274","885,475","884,908","884,164","883,436","882,044","881,608","881,151","880,592","879,922","879,065","878,456","877,966","877,382","876,978","876,459","875,839","875,353","874,659","874,078","873,419",0,0,0,0,0,0,0,0,0,0,0,0,0,0,0,0,0,0,0,0,0,0,0,0,0,0
전라남도  (4600000000),"922,190","921,753","920,971","920,492","920,050","919,417","918,956","918,260","916,611","915,996","915,677","915,272","914,811","914,087","913,670","913,624","913,215","912,823","912,075","911,340","910,810","910,179","909,744","909,548","908,705","907,780","906,995","906,512","905,860","905,462","904,835","904,171","903,669","903,270","902,758","902,380","901,816","901,141","901,154","901,278","901,006","900,655","900,012","899,345","898,858","898,708","898,691","898,640","898,237","897,622"
경상북도  (4700000000),"1,322,509","1,321,638","1,320,888","1,320,018","1,319,332","1,318,198","1,317,139","1,315,815","1,313,983","1,313,237","1,312,637","1,311,881","1,310,583","1,309,417","1,309,056","1,308,840","1,308,195","1,307,284","1,294,579","1,293,508","1,292,868","1,292,163","1,291,263","1,290,298","1,288,999","1,287,853","1,287,412","1,287,249","1,286,984","1,286,551","1,285,674","1,284,828","1,283,804","1,282,754","1,281,907","1,280,547","1,279,180","1,277,157","1,276,834","1,276,838","1,275,956","1,275,311","1,273,708","1,272,463","1,271,548","1,270,741","1,269,845","1,268,493","1,266,938","1,265,562"
경상남도  (4800000000),"1,666,968","1,664,907","1,663,146","1,661,866","1,660,600","1,659,245","1,658,198","1,656,746","1,654,622","1,653,654","1,652,807","1,651,675","1,650,300","1,647,690","1,646,280","1,645,335","1,644,124","1,643,148","1,642,061","1,640,552","1,639,932","1,638,978","1,638,128","1,636,987","1,636,010","1,634,026","1,632,685","1,631,669","1,630,664","1,630,324","1,629,977","1,629,223","1,628,643","1,628,096","1,627,652","1,626,926","1,626,214","1,623,866","1,623,318","1,622,833","1,622,407","1,621,572","1,620,579","1,619,626","1,618,878","1,618,503","1,618,023","1,617,421","1,616,723","1,614,651"
제주특별자치도  (5000000000),"339,071","339,248","339,320","339,383","339,578","339,697","339,951","340,105","339,801","339,731","339,758","339,590","339,325","339,078","339,056","339,086","338,995","338,857","338,843","338,622","338,514","338,391","338,265","337,976","337,578","337,202","336,826","336,674","336,588","336,481","336,330","336,048","335,717","335,625","335,483","335,255","334,794","334,061","333,814","333,643","333,464","333,174","332,858","332,675","332,517","332,332","332,145","332,165","331,791","331,526"
